image,lsa_global_psnr,lsa_global_ssim,lsa_tuned_psnr,lsa_tuned_ssim,lsa_tuned_candidate,finer_psnr,finer_ssim,siren_psnr,siren_ssim
kodim01,34.490282940573245,0.9475050568580627,35.670521689414365,0.9561876654624939,lr1em3_actlr1p0,33.94665020046417,0.945410430431366,31.013605719032707,0.9035766124725342
kodim02,39.563324294288435,0.9528965950012207,39.563324294288435,0.9528965950012207,lr5em4_actlr2p0,37.965140525130224,0.9397401213645935,35.85995830116617,0.9087328910827637
kodim03,41.804286760583096,0.9717190861701965,42.71431486543277,0.9736862182617188,lr1em3_actlr1p0,41.68462862015966,0.9733057022094727,39.41579590415739,0.9615650177001953
kodim04,39.18341261790486,0.9558002352714539,39.194057169398036,0.9563167691230774,lr1em3_actlr1p0,38.7197009317603,0.9526495933532715,36.50287599962993,0.9296432137489319
kodim05,35.15740410517827,0.9604873657226562,35.15740410517827,0.9604873657226562,lr5em4_actlr2p0,34.15903940851836,0.9557926058769226,31.726339655500134,0.9327877163887024
kodim06,38.19166613929677,0.961404025554657,38.19166613929677,0.961404025554657,lr5em4_actlr2p0,36.526013263343025,0.9551427960395813,33.753237581362846,0.9291613101959229
kodim07,41.62179774495834,0.9779999256134033,41.62179774495834,0.9779999256134033,lr5em4_actlr2p0,41.52460077862648,0.9786624908447266,39.60101153282582,0.9730258584022522
kodim08,31.920619513940757,0.9292510151863098,32.677075731384704,0.9368062615394592,lr1em3_actlr2p0,32.714019525824774,0.9414824843406677,29.83072845415861,0.9032187461853027
kodim09,41.45752085540279,0.961675226688385,41.45752085540279,0.961675226688385,lr5em4_actlr2p0,40.998184433488035,0.9597077369689941,38.91629527098213,0.9465582966804504
kodim10,40.62126321498981,0.9630775451660156,40.62126321498981,0.9630775451660156,lr5em4_actlr2p0,40.8640127444426,0.9641844630241394,38.84229982887388,0.9502012133598328
kodim11,38.26804656326994,0.9570249915122986,38.26804656326994,0.9570249915122986,lr5em4_actlr2p0,36.6510744743232,0.948184072971344,34.20522775711437,0.9199907779693604
kodim12,40.60397542694189,0.9619589447975159,40.60397542694189,0.9619589447975159,lr5em4_actlr2p0,40.475044899506244,0.9621387124061584,38.43521454952234,0.9440858960151672
kodim13,31.90997869644886,0.93638014793396,31.90997869644886,0.93638014793396,lr5em4_actlr2p0,30.74938337079673,0.9240061640739441,27.765838047612995,0.8665254712104797
kodim14,36.461259814248834,0.956836462020874,36.461259814248834,0.956836462020874,lr5em4_actlr2p0,35.244213052550386,0.9489695429801941,32.92219723922155,0.917876660823822
kodim15,37.81043267938183,0.9416565299034119,37.81043267938183,0.9416565299034119,lr5em4_actlr2p0,37.213836465605,0.9373889565467834,35.500930234920006,0.917353093624115
kodim16,40.98696077345682,0.9730849862098694,40.98696077345682,0.9730849862098694,lr5em4_actlr2p0,39.29426033897577,0.9656798839569092,36.9902768746322,0.9491333961486816
kodim17,40.077071041509186,0.9673989415168762,40.08541940680513,0.9664263725280762,lr1em3_actlr2p0,39.067274226225244,0.9634470343589783,36.70477437847646,0.9490672945976257
kodim18,35.079400548551305,0.9392759799957275,35.967527915830956,0.9442248940467834,lr1em3_actlr2p0,33.68884602274954,0.9311754107475281,31.043255120242005,0.9001753330230713
kodim19,37.853421710632766,0.9507851600646973,37.853421710632766,0.9507851600646973,lr5em4_actlr2p0,37.39348505935428,0.9490000605583191,35.18124824523776,0.9254207015037537
kodim20,39.198622877362666,0.9572051167488098,39.198622877362666,0.9572051167488098,lr5em4_actlr2p0,38.18343821068599,0.9516656994819641,35.54674864572423,0.9272696375846863
kodim21,38.673835014230306,0.9568967223167419,38.673835014230306,0.9568967223167419,lr5em4_actlr2p0,36.9197164241102,0.9481580257415771,34.520530517893704,0.9345669746398926
kodim22,37.463575804331974,0.9476409554481506,37.463575804331974,0.9476409554481506,lr5em4_actlr2p0,36.23185463273455,0.9392877221107483,34.12195758250128,0.9125757813453674
kodim23,40.960761747063785,0.9635198712348938,41.965238776620204,0.9675347805023193,lr1em3_actlr1p0,41.631276781127696,0.9679291248321533,40.290852954051346,0.9605401158332825
kodim24,35.286441371625315,0.944020688533783,35.286441371625315,0.944020688533783,lr5em4_actlr2p0,33.76964134524996,0.9332758784294128,31.069007036395234,0.9038558006286621
