subset,speaker_id,clip_id,wav_path
devclean,1272,1272-128104-0000,data/librispeech_raw/LibriSpeech/dev-clean/1272/128104/1272-128104-0000.flac
devclean,1272,1272-128104-0001,data/librispeech_raw/LibriSpeech/dev-clean/1272/128104/1272-128104-0001.flac
devclean,1462,1462-170138-0000,data/librispeech_raw/LibriSpeech/dev-clean/1462/170138/1462-170138-0000.flac
devclean,1462,1462-170138-0001,data/librispeech_raw/LibriSpeech/dev-clean/1462/170138/1462-170138-0001.flac
devclean,1673,1673-143396-0000,data/librispeech_raw/LibriSpeech/dev-clean/1673/143396/1673-143396-0000.flac
devclean,1673,1673-143396-0001,data/librispeech_raw/LibriSpeech/dev-clean/1673/143396/1673-143396-0001.flac
devclean,174,174-168635-0000,data/librispeech_raw/LibriSpeech/dev-clean/174/168635/174-168635-0000.flac
devclean,174,174-168635-0001,data/librispeech_raw/LibriSpeech/dev-clean/174/168635/174-168635-0001.flac
devclean,1919,1919-142785-0000,data/librispeech_raw/LibriSpeech/dev-clean/1919/142785/1919-142785-0000.flac
devclean,1919,1919-142785-0001,data/librispeech_raw/LibriSpeech/dev-clean/1919/142785/1919-142785-0001.flac
devclean,1988,1988-147956-0000,data/librispeech_raw/LibriSpeech/dev-clean/1988/147956/1988-147956-0000.flac
devclean,1988,1988-147956-0001,data/librispeech_raw/LibriSpeech/dev-clean/1988/147956/1988-147956-0001.flac
devclean,1993,1993-147149-0000,data/librispeech_raw/LibriSpeech/dev-clean/1993/147149/1993-147149-0000.flac
devclean,1993,1993-147149-0001,data/librispeech_raw/LibriSpeech/dev-clean/1993/147149/1993-147149-0001.flac
devclean,2035,2035-147960-0000,data/librispeech_raw/LibriSpeech/dev-clean/2035/147960/2035-147960-0000.flac
devclean,2035,2035-147960-0001,data/librispeech_raw/LibriSpeech/dev-clean/2035/147960/2035-147960-0001.flac
devclean,2078,2078-142845-0000,data/librispeech_raw/LibriSpeech/dev-clean/2078/142845/2078-142845-0000.flac
devclean,2078,2078-142845-0001,data/librispeech_raw/LibriSpeech/dev-clean/2078/142845/2078-142845-0001.flac
devclean,2086,2086-149214-0000,data/librispeech_raw/LibriSpeech/dev-clean/2086/149214/2086-149214-0000.flac
devclean,2086,2086-149214-0001,data/librispeech_raw/LibriSpeech/dev-clean/2086/149214/2086-149214-0001.flac
devother,116,116-288045-0000,data/librispeech_raw/LibriSpeech/dev-other/116/288045/116-288045-0000.flac
devother,116,116-288045-0001,data/librispeech_raw/LibriSpeech/dev-other/116/288045/116-288045-0001.flac
devother,1255,1255-138279-0000,data/librispeech_raw/LibriSpeech/dev-other/1255/138279/1255-138279-0000.flac
devother,1255,1255-138279-0001,data/librispeech_raw/LibriSpeech/dev-other/1255/138279/1255-138279-0001.flac
devother,1585,1585-131718-0000,data/librispeech_raw/LibriSpeech/dev-other/1585/131718/1585-131718-0000.flac
devother,1585,1585-131718-0001,data/librispeech_raw/LibriSpeech/dev-other/1585/131718/1585-131718-0001.flac
devother,1630,1630-102884-0000,data/librispeech_raw/LibriSpeech/dev-other/1630/102884/1630-102884-0000.flac
devother,1630,1630-102884-0001,data/librispeech_raw/LibriSpeech/dev-other/1630/102884/1630-102884-0001.flac
devother,1650,1650-157641-0000,data/librispeech_raw/LibriSpeech/dev-other/1650/157641/1650-157641-0000.flac
devother,1650,1650-157641-0001,data/librispeech_raw/LibriSpeech/dev-other/1650/157641/1650-157641-0001.flac
devother,1651,1651-136854-0000,data/librispeech_raw/LibriSpeech/dev-other/1651/136854/1651-136854-0000.flac
devother,1651,1651-136854-0001,data/librispeech_raw/LibriSpeech/dev-other/1651/136854/1651-136854-0001.flac
devother,1686,1686-142278-0000,data/librispeech_raw/LibriSpeech/dev-other/1686/142278/1686-142278-0000.flac
devother,1686,1686-142278-0001,data/librispeech_raw/LibriSpeech/dev-other/1686/142278/1686-142278-0001.flac
devother,1701,1701-141759-0000,data/librispeech_raw/LibriSpeech/dev-other/1701/141759/1701-141759-0000.flac
devother,1701,1701-141759-0001,data/librispeech_raw/LibriSpeech/dev-other/1701/141759/1701-141759-0001.flac
devother,2506,2506-11267-0000,data/librispeech_raw/LibriSpeech/dev-other/2506/11267/2506-11267-0000.flac
devother,2506,2506-11267-0001,data/librispeech_raw/LibriSpeech/dev-other/2506/11267/2506-11267-0001.flac
devother,3660,3660-172182-0000,data/librispeech_raw/LibriSpeech/dev-other/3660/172182/3660-172182-0000.flac
devother,3660,3660-172182-0001,data/librispeech_raw/LibriSpeech/dev-other/3660/172182/3660-172182-0001.flac
