condition,image,parameters,learning_rate,psnr,ssim
full,kodim01,330243,0.004,35.88981214574536,0.9583643078804016
full,kodim02,330243,0.004,39.538941223052774,0.9519579410552979
full,kodim03,330243,0.004,41.329413432826165,0.9672982692718506
full,kodim04,330243,0.004,39.38578639442802,0.9569244980812073
full,kodim05,330243,0.004,33.679275697907116,0.9461882710456848
full,kodim06,330243,0.004,38.17329779938957,0.9648131728172302
full,kodim07,330243,0.004,41.47144463110613,0.976174533367157
full,kodim08,330243,0.004,33.26537112408304,0.9428057670593262
full,kodim09,330243,0.004,42.149599973852396,0.9661521911621094
full,kodim10,330243,0.004,41.416843781704,0.9677913784980774
full,kodim11,330243,0.004,38.26147440125379,0.958538830280304
full,kodim12,330243,0.004,41.20174314273372,0.9654396176338196
full,kodim13,330243,0.004,32.246693442857215,0.940741777420044
full,kodim14,330243,0.004,35.679564450238374,0.9496452212333679
full,kodim15,330243,0.004,38.63413983333232,0.9489953517913818
full,kodim16,330243,0.004,41.418334155875634,0.9754589200019836
full,kodim17,330243,0.004,39.88731022153478,0.965996265411377
full,kodim18,330243,0.004,34.69885667109708,0.9305835366249084
full,kodim19,330243,0.004,38.630545753841545,0.9579744935035706
full,kodim20,330243,0.004,38.544506012359605,0.9501379132270813
full,kodim21,330243,0.004,38.88420456585844,0.9582616686820984
full,kodim22,330243,0.004,37.487996996868674,0.9488420486450195
full,kodim23,330243,0.004,42.18456034703432,0.9690470695495605
full,kodim24,330243,0.004,35.0957877031309,0.9416173100471497
parameter_matched,kodim01,199171,0.004,32.554184461960986,0.9199050068855286
parameter_matched,kodim02,199171,0.004,37.56226782188579,0.9278647303581238
parameter_matched,kodim03,199171,0.004,40.0235806805755,0.9577043652534485
parameter_matched,kodim04,199171,0.004,37.32237418870981,0.9351015090942383
parameter_matched,kodim05,199171,0.004,31.022034316755843,0.9121341109275818
parameter_matched,kodim06,199171,0.004,35.10339540005339,0.938342809677124
parameter_matched,kodim07,199171,0.004,39.35793203565363,0.9663055539131165
parameter_matched,kodim08,199171,0.004,30.16692406915988,0.8983632922172546
parameter_matched,kodim09,199171,0.004,40.44255546456148,0.9548661708831787
parameter_matched,kodim10,199171,0.004,39.46251801936918,0.9532524943351746
parameter_matched,kodim11,199171,0.004,35.72383640376242,0.9329391121864319
parameter_matched,kodim12,199171,0.004,40.065086884802376,0.9564889073371887
parameter_matched,kodim13,199171,0.004,29.14183980813393,0.8842599391937256
parameter_matched,kodim14,199171,0.004,33.21956494771651,0.9169375896453857
parameter_matched,kodim15,199171,0.004,36.392120756129415,0.9251682162284851
parameter_matched,kodim16,199171,0.004,38.95800577378443,0.9611039161682129
parameter_matched,kodim17,199171,0.004,38.137950295068144,0.9527221322059631
parameter_matched,kodim18,199171,0.004,32.429518848680885,0.8963840007781982
parameter_matched,kodim19,199171,0.004,36.071435391461144,0.9322750568389893
parameter_matched,kodim20,199171,0.004,36.097967910867304,0.9261830449104309
parameter_matched,kodim21,199171,0.004,36.02863279273597,0.9392785429954529
parameter_matched,kodim22,199171,0.004,35.30407135395316,0.922213613986969
parameter_matched,kodim23,199171,0.004,40.9655124612968,0.9616894721984863
parameter_matched,kodim24,199171,0.004,32.33551988577882,0.9031893610954285
