image,lsa_psnr,lsa_ssim,lsa_candidate,staf_psnr,staf_ssim,tau,lr,schedule,lsa_minus_staf_psnr,lsa_minus_staf_ssim
kodim01,35.670521689414365,0.9561876654624939,lr1em3_actlr1p0,32.972752939278365,0.924004316329956,3,0.003,decay0p05,2.6977687501359995,0.03218334913253784
kodim02,39.563324294288435,0.9528965950012207,lr5em4_actlr2p0,35.63568650576992,0.8902409076690674,3,0.005,decay0p05,3.927637788518517,0.06265568733215332
kodim03,42.71431486543277,0.9736862182617188,lr1em3_actlr1p0,38.16589659572738,0.9320524334907532,3,0.005,decay0p1,4.548418269705387,0.041633784770965576
kodim04,39.194057169398036,0.9563167691230774,lr1em3_actlr1p0,35.999293101607456,0.9086454510688782,3,0.005,decay0p05,3.1947640677905795,0.04767131805419922
kodim05,35.15740410517827,0.9604873657226562,lr5em4_actlr2p0,31.66925202247933,0.9157214760780334,3,0.003,decay0p05,3.4881520826989423,0.0447658896446228
kodim06,38.19166613929677,0.961404025554657,lr5em4_actlr2p0,34.66787528969911,0.9255561232566833,3,0.003,decay0p05,3.5237908495976598,0.03584790229797363
kodim07,41.62179774495834,0.9779999256134033,lr5em4_actlr2p0,37.35174782848338,0.9388377070426941,3,0.005,decay0p05,4.27004991647496,0.03916221857070923
kodim08,32.677075731384704,0.9368062615394592,lr1em3_actlr2p0,31.542418579380215,0.9211645722389221,3,0.003,decay0p05,1.1346571520044897,0.01564168930053711
kodim09,41.45752085540279,0.961675226688385,lr5em4_actlr2p0,37.50040980279476,0.9221377372741699,3,0.003,decay0p05,3.9571110526080275,0.03953748941421509
kodim10,40.62126321498981,0.9630775451660156,lr5em4_actlr2p0,36.994824122036036,0.9217829704284668,3,0.003,decay0p05,3.626439092953774,0.04129457473754883
kodim11,38.26804656326994,0.9570249915122986,lr5em4_actlr2p0,35.26672261756924,0.914174497127533,3,0.003,decay0p05,3.0013239457006975,0.042850494384765625
kodim12,40.60397542694189,0.9619589447975159,lr5em4_actlr2p0,37.83514034303617,0.9305660724639893,3,0.003,decay0p1,2.7688350839057208,0.03139287233352661
kodim13,31.90997869644886,0.93638014793396,lr5em4_actlr2p0,31.33427626716726,0.9322684407234192,16,0.002,decay0p05,0.5757024292815984,0.0041117072105407715
kodim14,36.461259814248834,0.956836462020874,lr5em4_actlr2p0,33.264219854106955,0.9122233390808105,3,0.003,decay0p05,3.197039960141879,0.04461312294006348
kodim15,37.81043267938183,0.9416565299034119,lr5em4_actlr2p0,36.565152202625285,0.9149437546730042,3,0.003,decay0p1,1.2452804767565482,0.026712775230407715
kodim16,40.98696077345682,0.9730849862098694,lr5em4_actlr2p0,36.89079696918449,0.9267533421516418,3,0.003,decay0p05,4.096163804272329,0.04633164405822754
kodim17,40.08541940680513,0.9664263725280762,lr1em3_actlr2p0,37.23532581696,0.9358657002449036,3,0.003,decay0p05,2.8500935898451303,0.030560672283172607
kodim18,35.967527915830956,0.9442248940467834,lr1em3_actlr2p0,33.37011574086618,0.9067915081977844,3,0.005,decay0p05,2.5974121749647736,0.03743338584899902
kodim19,37.853421710632766,0.9507851600646973,lr5em4_actlr2p0,35.37426962194184,0.9189908504486084,3,0.005,decay0p05,2.479152088690924,0.03179430961608887
kodim20,39.198622877362666,0.9572051167488098,lr5em4_actlr2p0,37.961884263437284,0.9405296444892883,3,0.003,decay0p05,1.2367386139253824,0.016675472259521484
kodim21,38.673835014230306,0.9568967223167419,lr5em4_actlr2p0,35.635308955839335,0.914978563785553,3,0.002,decay0p05,3.0385260583909712,0.041918158531188965
kodim22,37.463575804331974,0.9476409554481506,lr5em4_actlr2p0,34.624061956378014,0.9024003148078918,3,0.003,decay0p05,2.8395138479539597,0.04524064064025879
kodim23,41.965238776620204,0.9675347805023193,lr1em3_actlr1p0,38.37566743706881,0.9294640421867371,3,0.003,decay0p1,3.589571339551391,0.038070738315582275
kodim24,35.286441371625315,0.944020688533783,lr5em4_actlr2p0,33.96818815948036,0.9203262329101562,3,0.003,decay0p05,1.3182532121449526,0.02369445562362671
