section,dataset,method,config,group,target_n,n,mean_psnr,median_psnr,std_psnr,min_psnr,max_psnr,expected_mean_psnr,diff_vs_expected,complete
fjnb,librispeech,fJNB,FF16 sigma=100,librispeech_fkan_ff16_s100_q6_lr1em3_bs4096_48k_v1,40,40,43.97421530327391,44.44785608757925,5.572799354979416,29.38396470653551,55.74428080253118,43.97,0.0042153032739093,True
fjnb,librispeech,fJNB,raw,librispeech_fkan_noff_q2_lr1em3_bs4096_48k_v1,40,40,25.228697637568565,24.27733835929577,5.485822629688203,17.522761195693068,44.57555194199395,25.23,-0.001302362431435,True
fjnb,nsynth,fJNB,FF16 sigma=100,nsynth_fkan_ff16_s100_q6_lr1em3_bs4096_48k_v1,10,10,55.091773477760114,55.05668133358066,6.5968357693882,46.39727598637244,63.212936251289015,55.09,0.0017734777601106,True
fjnb,nsynth,fJNB,raw,nsynth_fkan_noff_q6_lr1em3_bs4096_48k_v1,10,10,16.449837239996135,15.698714513262868,6.113553957541549,8.132209002126869,27.05047481825948,16.45,-0.0001627600038638,True
main,librispeech,FINER,FF16 sigma=20 fbs=20,librispeech_ff16_finer_48k_sigma20_v1,40,40,66.32042944984374,68.24093252812466,6.614005894173509,53.37933466285293,78.02762342982034,66.320429,4.498437391475818e-07,True
main,librispeech,LSA,FF16 sigma=100 K=16,librispeech_act16_ff16_sigma100_K16_lr2em3_am3p0_48k_full_v1,40,40,90.77901598730492,83.1558108575847,18.80294079431096,66.51938435850988,119.90106556562934,90.779016,-1.2695068107859696e-08,True
main,librispeech,SIREN,noFF w0=30,librispeech_siren_noff_48k_audit_v1,40,40,32.64524884192075,29.76615407954891,9.663295257167164,20.96764458706683,55.116888388017735,32.645249,-1.5807925279887058e-07,True
main,nsynth,FINER,FF16 sigma=20 fbs=20,nsynth_ff16_finer_48k_sigma20_v1,10,10,67.18820841050848,67.29860189807434,5.712959434722767,57.135410567020166,76.99936259086134,67.188208,4.1050847698898e-07,True
main,nsynth,LSA,FF16 sigma=100 K=16,nsynth_act16_ff16_sigma100_K16_lr2em3_am3p0_48k_full_v1,10,10,86.7183728095163,79.92860400819337,22.32805842750955,64.1338869487144,119.85461530702264,86.718373,-1.904837034771845e-07,True
main,nsynth,SIREN,noFF w0=30,nsynth_siren_noff_48k_audit_v1,10,10,46.764391852134736,53.73044558664062,14.49749974952574,26.505669069008032,62.78313466629703,46.764392,-1.4786526492116536e-07,True
sl2a,librispeech,SL2A,deg=256 rank=128 lr=1e-3,librispeech_sl2a_deg256_rank128_lr1em3_sched_48k_v1,40,40,38.83830393519954,39.6533306735855,7.275854632229604,24.08532860243779,51.432443349286416,38.838304,-6.480046010892694e-08,True
sl2a,librispeech,SL2A,deg=256 rank=64 lr=1e-3,librispeech_sl2a_deg256_rank64_lr1em3_sched_48k_v1,40,40,38.367084305587206,39.45990024717105,7.373646502157618,23.816462786187365,51.51144590757826,38.367084,3.055872070945043e-07,True
sl2a,librispeech,SL2A,deg=512 rank=128 lr=1e-3,librispeech_sl2a_deg512_rank128_lr1em3_sched_48k_v1,40,40,47.41644937664793,47.29910502049884,6.295027894371348,33.73730316624532,58.64622935980468,47.416449,3.76647932398555e-07,True
sl2a,librispeech,SL2A,deg=512 rank=64 lr=1e-3,librispeech_sl2a_deg512_rank64_lr1em3_sched_48k_v1,40,40,46.34824141763962,46.26073510411577,6.7024549916056015,32.23665087408549,57.410270235729904,46.348241,4.176396188881881e-07,True
sl2a,nsynth,SL2A,deg=256 rank=128 lr=1e-3,nsynth_sl2a_deg256_rank128_lr1em3_sched_48k_v1,10,10,59.16341516453897,60.6972673816116,16.91378459496277,30.690964446697784,80.73425455338435,59.163415,1.6453896733992226e-07,True
sl2a,nsynth,SL2A,deg=256 rank=64 lr=1e-3,nsynth_sl2a_deg256_rank64_lr1em3_sched_48k_v1,10,10,59.46672001097285,61.05755016338418,16.18392946357221,32.862307101179965,80.53050591452751,59.46672,1.0972847519497009e-08,True
sl2a,nsynth,SL2A,deg=512 rank=128 lr=1e-3,nsynth_sl2a_deg512_rank128_lr1em3_sched_48k_v1,10,10,68.03385819266877,70.2641176226441,10.75005613660719,53.108300843484,82.37163239478247,68.033858,1.9266877870904866e-07,True
sl2a,nsynth,SL2A,deg=512 rank=64 lr=1e-3,nsynth_sl2a_deg512_rank64_lr1em3_sched_48k_v1,10,10,67.16164484521514,68.66907632105493,11.14440717002013,51.93325147851733,82.23240311587354,67.161645,-1.547848569316557e-07,True
